"","method","time","memory"
"1","recall",4.45313806533813,2684.5
"2","sc-SHC",1.27566251357396,7319.9
"3","CHOIR",52.9483829895655,3051.8
