"","method","time","memory"
"1","recall",4.41493125359217,2684.5
"2","sc-SHC",1.26598049402237,7319.9
"3","CHOIR",51.882955288887,3051.8
