"","method","time","memory"
"1","recall",4.03763595024745,2684.5
"2","sc-SHC",1.17548075914383,7319.9
"3","CHOIR",51.9960673133532,3051.8
