"","method","time","memory"
"1","recall",4.41191937128703,2684.5
"2","sc-SHC",1.24151353041331,7319.9
"3","CHOIR",48.9333648721377,3051.8
