"","method","time","memory"
"1","recall",4.24042379458745,2684.5
"2","sc-SHC",1.24873979886373,7319.9
"3","CHOIR",58.2522515614827,3051.8
