"","method","time","memory"
"1","recall",4.74798681338628,3484.6
"2","sc-SHC",1.55785363117854,11975.7
"3","CHOIR",99.8775858521462,5228.7
