"","method","time","memory"
"1","recall",4.55652630726496,3484.6
"2","sc-SHC",1.81615184942881,11975.7
"3","CHOIR",113.783150311311,5228.6
