"","method","time","memory"
"1","recall",4.77762250502904,3484.6
"2","sc-SHC",1.56722514232,11975.7
"3","CHOIR",110.565522412459,5227.8
