"","method","time","memory"
"1","recall",4.5464853922526,3484.6
"2","sc-SHC",1.51558907032013,11975.7
"3","CHOIR",105.976132500172,5051.6
