"","method","time","memory"
"1","recall",4.78170322577159,3484.6
"2","sc-SHC",1.55915455818176,11975.7
"3","CHOIR",112.426392543316,5228.7
