"","method","time","memory"
"1","recall",0.306236636638641,279
"2","sc-SHC",0.385826373100281,477.4
"3","CHOIR",2.81094988584518,331.9
