"","method","time","memory"
"1","recall",0.327418684959412,279
"2","sc-SHC",0.406836318969727,477.4
"3","CHOIR",2.89246737559636,331.9
