"","method","time","memory"
"1","recall",0.337662672996521,279
"2","sc-SHC",0.402193315823873,477.4
"3","CHOIR",2.95949293375015,331.9
