"","method","time","memory"
"1","recall",0.386871747175852,279
"2","sc-SHC",0.470042089621226,477.4
"3","CHOIR",3.31557089885076,331.9
