"","method","time","memory"
"1","recall",0.336393288771311,279
"2","sc-SHC",0.368443449338277,477.4
"3","CHOIR",2.75515860319138,331.9
